kernel,compressor,file,result,bytes,execution_time_ms,compression_ratio
decompression,ALP,Telco-TOTAL_OUTGOING_MIN_P6,0,512000000,1.560576,4.246369
decompression,GALP,Telco-TOTAL_OUTGOING_MIN_P6,0,512000000,1.230976,3.982155
decompression,Bitcomp,Telco-TOTAL_OUTGOING_MIN_P6,1,512000000,106.127998,3.86282
decompression,BitcompSparse,Telco-TOTAL_OUTGOING_MIN_P6,1,512000000,8.391136,3.781389
decompression,LZ4,Telco-TOTAL_OUTGOING_MIN_P6,1,512000000,7.677312,3.892828
decompression,zstd,Telco-TOTAL_OUTGOING_MIN_P6,1,512000000,48.337666,4.77454
decompression,Deflate,Telco-TOTAL_OUTGOING_MIN_P6,1,512000000,103.261505,3.181438
decompression,GDeflate,Telco-TOTAL_OUTGOING_MIN_P6,1,512000000,17.831039,3.150473
decompression,Snappy,Telco-TOTAL_OUTGOING_MIN_P6,1,512000000,6.61728,3.536809
decompression,ALP,Telco-FREE_MINS_P1,0,512000000,1.525536,5.79858
decompression,GALP,Telco-FREE_MINS_P1,0,512000000,1.17184,5.316858
decompression,Bitcomp,Telco-FREE_MINS_P1,1,512000000,8.85968,4.498914
decompression,BitcompSparse,Telco-FREE_MINS_P1,1,512000000,8.386624,4.896955
decompression,LZ4,Telco-FREE_MINS_P1,1,512000000,7.893664,5.519195
decompression,zstd,Telco-FREE_MINS_P1,1,512000000,25.228161,8.613397
decompression,Deflate,Telco-FREE_MINS_P1,1,512000000,69.962013,4.32312
decompression,GDeflate,Telco-FREE_MINS_P1,1,512000000,17.680288,4.266103
decompression,Snappy,Telco-FREE_MINS_P1,1,512000000,11.139968,5.390265
decompression,ALP,Telco-RECHRG_TOTAL_LOAD_P6,0,512000000,1.233696,8.353269
decompression,GALP,Telco-RECHRG_TOTAL_LOAD_P6,0,512000000,1.05024,7.388874
decompression,Bitcomp,Telco-RECHRG_TOTAL_LOAD_P6,1,512000000,8.890592,4.08833
decompression,BitcompSparse,Telco-RECHRG_TOTAL_LOAD_P6,1,512000000,8.264448,3.993329
decompression,LZ4,Telco-RECHRG_TOTAL_LOAD_P6,1,512000000,7.946848,5.102843
decompression,zstd,Telco-RECHRG_TOTAL_LOAD_P6,1,512000000,22.94352,7.903713
decompression,Deflate,Telco-RECHRG_TOTAL_LOAD_P6,1,512000000,69.481827,4.290808
decompression,GDeflate,Telco-RECHRG_TOTAL_LOAD_P6,1,512000000,17.801056,4.234711
decompression,Snappy,Telco-RECHRG_TOTAL_LOAD_P6,1,512000000,12.889376,4.500533
decompression,ALP,Telco-RECHRG_TOTAL_LOAD_P2,0,512000000,1.157152,9.693172
decompression,GALP,Telco-RECHRG_TOTAL_LOAD_P2,0,512000000,1.045888,8.418189
decompression,Bitcomp,Telco-RECHRG_TOTAL_LOAD_P2,1,512000000,8.877184,4.94111
decompression,BitcompSparse,Telco-RECHRG_TOTAL_LOAD_P2,1,512000000,8.465824,4.813243
decompression,LZ4,Telco-RECHRG_TOTAL_LOAD_P2,1,512000000,8.379744,6.200645
decompression,zstd,Telco-RECHRG_TOTAL_LOAD_P2,1,512000000,20.779743,10.360305
decompression,Deflate,Telco-RECHRG_TOTAL_LOAD_P2,1,512000000,68.974815,4.836367
decompression,GDeflate,Telco-RECHRG_TOTAL_LOAD_P2,1,512000000,17.702944,4.765295
decompression,Snappy,Telco-RECHRG_TOTAL_LOAD_P2,1,512000000,11.725248,5.612308
decompression,ALP,CMSprovider-AVERAGE_MEDICARE_ALLOWED_AMT,0,512000000,1.7264,3.593552
decompression,GALP,CMSprovider-AVERAGE_MEDICARE_ALLOWED_AMT,0,512000000,1.308928,3.402504
decompression,Bitcomp,CMSprovider-AVERAGE_MEDICARE_ALLOWED_AMT,1,512000000,9.2856,3.791556
decompression,BitcompSparse,CMSprovider-AVERAGE_MEDICARE_ALLOWED_AMT,1,512000000,8.388672,3.274642
decompression,LZ4,CMSprovider-AVERAGE_MEDICARE_ALLOWED_AMT,1,512000000,7.312384,4.976034
decompression,zstd,CMSprovider-AVERAGE_MEDICARE_ALLOWED_AMT,1,512000000,25.097857,7.192866
decompression,Deflate,CMSprovider-AVERAGE_MEDICARE_ALLOWED_AMT,1,512000000,69.091072,2.933231
decompression,GDeflate,CMSprovider-AVERAGE_MEDICARE_ALLOWED_AMT,1,512000000,17.655169,2.906965
decompression,Snappy,CMSprovider-AVERAGE_MEDICARE_ALLOWED_AMT,1,512000000,10.222368,4.817639
decompression,ALP,Physicians-line_srvc_cnt,0,512000000,1.231392,8.532087
decompression,GALP,Physicians-line_srvc_cnt,0,512000000,1.04768,7.528441
decompression,Bitcomp,Physicians-line_srvc_cnt,1,512000000,9.246208,3.302165
decompression,BitcompSparse,Physicians-line_srvc_cnt,1,512000000,8.455712,3.304149
decompression,LZ4,Physicians-line_srvc_cnt,1,512000000,9.994368,4.36244
decompression,zstd,Physicians-line_srvc_cnt,1,512000000,25.789984,7.867104
decompression,Deflate,Physicians-line_srvc_cnt,1,512000000,68.378944,4.321928
decompression,GDeflate,Physicians-line_srvc_cnt,1,512000000,17.468737,4.265215
decompression,Snappy,Physicians-line_srvc_cnt,1,512000000,13.223392,4.667782
decompression,ALP,Telco-ONNET_MINS_P1,0,512000000,1.426368,5.401012
decompression,GALP,Telco-ONNET_MINS_P1,0,512000000,1.127872,4.980688
decompression,Bitcomp,Telco-ONNET_MINS_P1,1,512000000,8.674464,4.279212
decompression,BitcompSparse,Telco-ONNET_MINS_P1,1,512000000,8.31424,4.213522
decompression,LZ4,Telco-ONNET_MINS_P1,1,512000000,8.369472,4.471237
decompression,zstd,Telco-ONNET_MINS_P1,1,512000000,22.951904,6.250555
decompression,Deflate,Telco-ONNET_MINS_P1,1,512000000,69.624031,3.578456
decompression,GDeflate,Telco-ONNET_MINS_P1,1,512000000,17.765793,3.539312
decompression,Snappy,Telco-ONNET_MINS_P1,1,512000000,9.427392,4.236544
decompression,ALP,Telco-TOTAL_MINS_P3,0,512000000,1.352288,6.391905
decompression,GALP,Telco-TOTAL_MINS_P3,0,512000000,1.115424,5.811491
decompression,Bitcomp,Telco-TOTAL_MINS_P3,1,512000000,8.741216,4.92684
decompression,BitcompSparse,Telco-TOTAL_MINS_P3,1,512000000,8.624448,4.914658
decompression,LZ4,Telco-TOTAL_MINS_P3,1,512000000,8.003968,4.960184
decompression,zstd,Telco-TOTAL_MINS_P3,1,512000000,23.53216,7.59336
decompression,Deflate,Telco-TOTAL_MINS_P3,1,512000000,69.944733,4.019897
decompression,GDeflate,Telco-TOTAL_MINS_P3,1,512000000,17.717632,3.970584
decompression,Snappy,Telco-TOTAL_MINS_P3,1,512000000,8.94752,4.896347
decompression,ALP,Telco-TOTAL_OUTGOING_MIN_P1,0,512000000,1.424928,4.840597
decompression,GALP,Telco-TOTAL_OUTGOING_MIN_P1,0,512000000,1.14576,4.500225
decompression,Bitcomp,Telco-TOTAL_OUTGOING_MIN_P1,1,512000000,8.908736,3.875781
decompression,BitcompSparse,Telco-TOTAL_OUTGOING_MIN_P1,1,512000000,8.645184,3.799601
decompression,LZ4,Telco-TOTAL_OUTGOING_MIN_P1,1,512000000,7.502048,4.025205
decompression,zstd,Telco-TOTAL_OUTGOING_MIN_P1,1,512000000,22.190271,5.086579
decompression,Deflate,Telco-TOTAL_OUTGOING_MIN_P1,1,512000000,69.208191,3.292802
decompression,GDeflate,Telco-TOTAL_OUTGOING_MIN_P1,1,512000000,17.889536,3.259628
decompression,Snappy,Telco-TOTAL_OUTGOING_MIN_P1,1,512000000,7.590336,3.669388
decompression,ALP,Telco-TOTAL_OUTGOING_REV_P1,0,512000000,1.46064,4.196543
decompression,GALP,Telco-TOTAL_OUTGOING_REV_P1,0,512000000,1.183744,3.938304
decompression,Bitcomp,Telco-TOTAL_OUTGOING_REV_P1,1,512000000,8.807072,3.772757
decompression,BitcompSparse,Telco-TOTAL_OUTGOING_REV_P1,1,512000000,8.328384,3.723262
decompression,LZ4,Telco-TOTAL_OUTGOING_REV_P1,1,512000000,7.786048,3.856527
decompression,zstd,Telco-TOTAL_OUTGOING_REV_P1,1,512000000,23.862816,4.713712
decompression,Deflate,Telco-TOTAL_OUTGOING_REV_P1,1,512000000,69.363808,3.176819
decompression,GDeflate,Telco-TOTAL_OUTGOING_REV_P1,1,512000000,17.728928,3.145914
decompression,Snappy,Telco-TOTAL_OUTGOING_REV_P1,1,512000000,6.970912,3.496432
decompression,ALP,CMSprovider-STDEV_SUBMITTED_CHRG_AMT,0,512000000,2.043776,6.067426
decompression,GALP,CMSprovider-STDEV_SUBMITTED_CHRG_AMT,0,512000000,1.903872,5.542022
decompression,Bitcomp,CMSprovider-STDEV_SUBMITTED_CHRG_AMT,1,512000000,9.516704,4.104114
decompression,BitcompSparse,CMSprovider-STDEV_SUBMITTED_CHRG_AMT,1,512000000,8.49568,5.161073
decompression,LZ4,CMSprovider-STDEV_SUBMITTED_CHRG_AMT,1,512000000,6.835488,5.768736
decompression,zstd,CMSprovider-STDEV_SUBMITTED_CHRG_AMT,1,512000000,23.632799,8.016844
decompression,Deflate,CMSprovider-STDEV_SUBMITTED_CHRG_AMT,1,512000000,67.705276,4.422294
decompression,GDeflate,CMSprovider-STDEV_SUBMITTED_CHRG_AMT,1,512000000,17.153215,4.362856
decompression,Snappy,CMSprovider-STDEV_SUBMITTED_CHRG_AMT,1,512000000,9.965056,5.365647
decompression,ALP,Telco-TOTAL_INCOMING_MIN_P6,0,512000000,1.721952,3.264164
decompression,GALP,Telco-TOTAL_INCOMING_MIN_P6,0,512000000,1.484192,3.105763
decompression,Bitcomp,Telco-TOTAL_INCOMING_MIN_P6,1,512000000,8.710944,3.89606
decompression,BitcompSparse,Telco-TOTAL_INCOMING_MIN_P6,1,512000000,8.376736,3.829719
decompression,LZ4,Telco-TOTAL_INCOMING_MIN_P6,1,512000000,7.716832,3.926014
decompression,zstd,Telco-TOTAL_INCOMING_MIN_P6,1,512000000,23.760544,4.727299
decompression,Deflate,Telco-TOTAL_INCOMING_MIN_P6,1,512000000,69.400764,3.154675
decompression,GDeflate,Telco-TOTAL_INCOMING_MIN_P6,1,512000000,17.461376,3.1242
decompression,Snappy,Telco-TOTAL_INCOMING_MIN_P6,1,512000000,7.006208,3.627063
decompression,ALP,Telco-RECHRG_TOTAL_LOAD_P1,0,512000000,1.202464,8.818686
decompression,GALP,Telco-RECHRG_TOTAL_LOAD_P1,0,512000000,1.028992,7.750701
decompression,Bitcomp,Telco-RECHRG_TOTAL_LOAD_P1,1,512000000,8.884288,4.093601
decompression,BitcompSparse,Telco-RECHRG_TOTAL_LOAD_P1,1,512000000,8.449472,4.072447
decompression,LZ4,Telco-RECHRG_TOTAL_LOAD_P1,1,512000000,8.841312,5.005672
decompression,zstd,Telco-RECHRG_TOTAL_LOAD_P1,1,512000000,23.080608,8.829168
decompression,Deflate,Telco-RECHRG_TOTAL_LOAD_P1,1,512000000,69.109123,4.657409
decompression,GDeflate,Telco-RECHRG_TOTAL_LOAD_P1,1,512000000,15.778432,4.591445
decompression,Snappy,Telco-RECHRG_TOTAL_LOAD_P1,1,512000000,13.216128,5.004952
decompression,ALP,Telco-TOTAL_INCOMING_MIN_P1,0,512000000,1.76608,3.485893
decompression,GALP,Telco-TOTAL_INCOMING_MIN_P1,0,512000000,1.569376,3.305834
decompression,Bitcomp,Telco-TOTAL_INCOMING_MIN_P1,1,512000000,8.693536,3.907787
decompression,BitcompSparse,Telco-TOTAL_INCOMING_MIN_P1,1,512000000,8.554592,3.860427
decompression,LZ4,Telco-TOTAL_INCOMING_MIN_P1,1,512000000,7.424032,4.12987
decompression,zstd,Telco-TOTAL_INCOMING_MIN_P1,1,512000000,23.897087,5.095295
decompression,Deflate,Telco-TOTAL_INCOMING_MIN_P1,1,512000000,69.274368,3.305625
decompression,GDeflate,Telco-TOTAL_INCOMING_MIN_P1,1,512000000,17.871777,3.272187
decompression,Snappy,Telco-TOTAL_INCOMING_MIN_P1,1,512000000,7.962112,3.795222
decompression,ALP,Telco-RECHRG_TOTAL_LOAD_P3,0,512000000,1.184768,11.705536
decompression,GALP,Telco-RECHRG_TOTAL_LOAD_P3,0,512000000,1.024192,9.895634
decompression,Bitcomp,Telco-RECHRG_TOTAL_LOAD_P3,1,512000000,8.92128,5.58702
decompression,BitcompSparse,Telco-RECHRG_TOTAL_LOAD_P3,1,512000000,8.210368,5.887574
decompression,LZ4,Telco-RECHRG_TOTAL_LOAD_P3,1,512000000,9.26832,5.523887
decompression,zstd,Telco-RECHRG_TOTAL_LOAD_P3,1,512000000,22.411072,14.131587
decompression,Deflate,Telco-RECHRG_TOTAL_LOAD_P3,1,512000000,68.263649,5.63901
decompression,GDeflate,Telco-RECHRG_TOTAL_LOAD_P3,1,512000000,17.490496,5.542743
decompression,Snappy,Telco-RECHRG_TOTAL_LOAD_P3,1,512000000,10.27552,7.080039
decompression,ALP,CommonGovernment-nongsadollar,0,512000000,1.913504,3.404106
decompression,GALP,CommonGovernment-nongsadollar,0,512000000,1.551808,3.232189
decompression,Bitcomp,CommonGovernment-nongsadollar,1,512000000,8.860288,3.843817
decompression,BitcompSparse,CommonGovernment-nongsadollar,1,512000000,8.241568,3.832361
decompression,LZ4,CommonGovernment-nongsadollar,1,512000000,7.686592,3.993178
decompression,zstd,CommonGovernment-nongsadollar,1,512000000,24.054527,5.251739
decompression,Deflate,CommonGovernment-nongsadollar,1,512000000,68.782112,3.362527
decompression,GDeflate,CommonGovernment-nongsadollar,1,512000000,17.460257,3.32809
decompression,Snappy,CommonGovernment-nongsadollar,1,512000000,8.01152,3.851975
decompression,ALP,CommonGovernment-baseandalloptionsvalue,0,512000000,1.985568,2.878314
decompression,GALP,CommonGovernment-baseandalloptionsvalue,0,512000000,1.698912,2.754437
decompression,Bitcomp,CommonGovernment-baseandalloptionsvalue,1,512000000,8.842144,3.230572
decompression,BitcompSparse,CommonGovernment-baseandalloptionsvalue,1,512000000,8.245952,3.241279
decompression,LZ4,CommonGovernment-baseandalloptionsvalue,1,512000000,6.918848,3.595583
decompression,zstd,CommonGovernment-baseandalloptionsvalue,1,512000000,25.3536,4.456701
decompression,Deflate,CommonGovernment-baseandalloptionsvalue,1,512000000,69.31424,3.031061
decompression,GDeflate,CommonGovernment-baseandalloptionsvalue,1,512000000,17.656897,3.003049
decompression,Snappy,CommonGovernment-baseandalloptionsvalue,1,512000000,8.94976,3.353108
decompression,ALP,CityMaxCapita-LPF,0,512000000,1.219264,7.326129
decompression,GALP,CityMaxCapita-LPF,0,512000000,1.067232,6.573639
decompression,Bitcomp,CityMaxCapita-LPF,1,512000000,9.084032,4.827895
decompression,BitcompSparse,CityMaxCapita-LPF,1,512000000,8.302048,4.592646
decompression,LZ4,CityMaxCapita-LPF,1,512000000,8.076032,5.692065
decompression,zstd,CityMaxCapita-LPF,1,512000000,23.011328,8.784645
decompression,Deflate,CityMaxCapita-LPF,1,512000000,70.182304,3.778696
decompression,GDeflate,CityMaxCapita-LPF,1,512000000,17.83008,3.735058
decompression,Snappy,CityMaxCapita-LPF,1,512000000,10.873344,5.064226
decompression,ALP,Telco-RECHRG_TOTAL_LOAD_P4,0,512000000,1.171744,13.258706
decompression,GALP,Telco-RECHRG_TOTAL_LOAD_P4,0,512000000,1.014624,10.983321
decompression,Bitcomp,Telco-RECHRG_TOTAL_LOAD_P4,1,512000000,8.764896,6.788469
decompression,BitcompSparse,Telco-RECHRG_TOTAL_LOAD_P4,1,512000000,8.150688,6.615473
decompression,LZ4,Telco-RECHRG_TOTAL_LOAD_P4,1,512000000,7.966816,8.522972
decompression,zstd,Telco-RECHRG_TOTAL_LOAD_P4,1,512000000,19.187328,16.543314
decompression,Deflate,Telco-RECHRG_TOTAL_LOAD_P4,1,512000000,68.306145,5.663578
decompression,GDeflate,Telco-RECHRG_TOTAL_LOAD_P4,1,512000000,17.702881,5.566505
decompression,Snappy,Telco-RECHRG_TOTAL_LOAD_P4,1,512000000,9.244928,7.821031
decompression,ALP,Telco-TOTAL_MINS_P1,0,512000000,1.44624,5.154642
decompression,GALP,Telco-TOTAL_MINS_P1,0,512000000,1.136832,4.770426
decompression,Bitcomp,Telco-TOTAL_MINS_P1,1,512000000,8.767584,4.224782
decompression,BitcompSparse,Telco-TOTAL_MINS_P1,1,512000000,8.331392,4.141121
decompression,LZ4,Telco-TOTAL_MINS_P1,1,512000000,7.704256,4.22442
decompression,zstd,Telco-TOTAL_MINS_P1,1,512000000,21.95632,5.663174
decompression,Deflate,Telco-TOTAL_MINS_P1,1,512000000,69.189026,3.462033
decompression,GDeflate,Telco-TOTAL_MINS_P1,1,512000000,17.679712,3.42538
decompression,Snappy,Telco-TOTAL_MINS_P1,1,512000000,7.614784,4.003698
decompression,ALP,Telco-TOTAL_OUTGOING_MIN_P3,0,512000000,1.317568,6.352404
decompression,GALP,Telco-TOTAL_OUTGOING_MIN_P3,0,512000000,1.100896,5.77882
decompression,Bitcomp,Telco-TOTAL_OUTGOING_MIN_P3,1,512000000,8.839808,4.925203
decompression,BitcompSparse,Telco-TOTAL_OUTGOING_MIN_P3,1,512000000,8.458688,4.903872
decompression,LZ4,Telco-TOTAL_OUTGOING_MIN_P3,1,512000000,7.713632,4.900857
decompression,zstd,Telco-TOTAL_OUTGOING_MIN_P3,1,512000000,23.097504,7.385605
decompression,Deflate,Telco-TOTAL_OUTGOING_MIN_P3,1,512000000,69.82589,3.99303
decompression,GDeflate,Telco-TOTAL_OUTGOING_MIN_P3,1,512000000,17.830145,3.944349
decompression,Snappy,Telco-TOTAL_OUTGOING_MIN_P3,1,512000000,8.588,4.855219
decompression,ALP,PanCreactomy1-LINE_SRVC_CNT,0,512000000,1.197472,8.944044
decompression,GALP,PanCreactomy1-LINE_SRVC_CNT,0,512000000,1.030496,7.847369
decompression,Bitcomp,PanCreactomy1-LINE_SRVC_CNT,1,512000000,9.181056,3.304709
decompression,BitcompSparse,PanCreactomy1-LINE_SRVC_CNT,1,512000000,8.387168,3.308969
decompression,LZ4,PanCreactomy1-LINE_SRVC_CNT,1,512000000,9.915232,4.383613
decompression,zstd,PanCreactomy1-LINE_SRVC_CNT,1,512000000,25.491327,8.03636
decompression,Deflate,PanCreactomy1-LINE_SRVC_CNT,1,512000000,68.204605,4.365154
decompression,GDeflate,PanCreactomy1-LINE_SRVC_CNT,1,512000000,17.243423,4.307424
decompression,Snappy,PanCreactomy1-LINE_SRVC_CNT,1,512000000,12.83344,4.739031
decompression,ALP,CMSprovider-LINE_SRVC_CNT,0,512000000,1.215136,9.197452
decompression,GALP,CMSprovider-LINE_SRVC_CNT,0,512000000,1.044352,8.041768
decompression,Bitcomp,CMSprovider-LINE_SRVC_CNT,1,512000000,9.239744,3.307114
decompression,BitcompSparse,CMSprovider-LINE_SRVC_CNT,1,512000000,8.409952,3.317426
decompression,LZ4,CMSprovider-LINE_SRVC_CNT,1,512000000,10.023264,4.373352
decompression,zstd,CMSprovider-LINE_SRVC_CNT,1,512000000,24.561888,8.144393
decompression,Deflate,CMSprovider-LINE_SRVC_CNT,1,512000000,68.405472,4.369495
decompression,GDeflate,CMSprovider-LINE_SRVC_CNT,1,512000000,17.233761,4.311616
decompression,Snappy,CMSprovider-LINE_SRVC_CNT,1,512000000,12.704288,4.766189
decompression,ALP,Telco-CHRGD_REV_P1,0,512000000,1.281408,5.908584
decompression,GALP,Telco-CHRGD_REV_P1,0,512000000,1.105184,5.409198
decompression,Bitcomp,Telco-CHRGD_REV_P1,1,512000000,8.706496,4.270726
decompression,BitcompSparse,Telco-CHRGD_REV_P1,1,512000000,8.28784,4.201351
decompression,LZ4,Telco-CHRGD_REV_P1,1,512000000,7.450496,4.440453
decompression,zstd,Telco-CHRGD_REV_P1,1,512000000,22.30304,6.229939
decompression,Deflate,Telco-CHRGD_REV_P1,1,512000000,69.215012,3.653943
decompression,GDeflate,Telco-CHRGD_REV_P1,1,512000000,17.801409,3.613134
decompression,Snappy,Telco-CHRGD_REV_P1,1,512000000,9.457152,4.173035
decompression,ALP,Telco-ONNET_MINS_P3,0,512000000,1.315104,6.514666
decompression,GALP,Telco-ONNET_MINS_P3,0,512000000,1.097984,5.912793
decompression,Bitcomp,Telco-ONNET_MINS_P3,1,512000000,8.923712,5.017866
decompression,BitcompSparse,Telco-ONNET_MINS_P3,1,512000000,8.303968,5.107304
decompression,LZ4,Telco-ONNET_MINS_P3,1,512000000,7.790688,5.312834
decompression,zstd,Telco-ONNET_MINS_P3,1,512000000,23.844416,8.709523
decompression,Deflate,Telco-ONNET_MINS_P3,1,512000000,69.784607,4.235935
decompression,GDeflate,Telco-ONNET_MINS_P3,1,512000000,17.382689,4.181199
decompression,Snappy,Telco-ONNET_MINS_P3,1,512000000,10.388384,5.347264
decompression,ALP,CMSprovider-AVERAGE_SUBMITTED_CHRG_AMT,0,512000000,1.899552,3.584565
decompression,GALP,CMSprovider-AVERAGE_SUBMITTED_CHRG_AMT,0,512000000,1.651328,3.394446
decompression,Bitcomp,CMSprovider-AVERAGE_SUBMITTED_CHRG_AMT,1,512000000,8.93968,3.355484
decompression,BitcompSparse,CMSprovider-AVERAGE_SUBMITTED_CHRG_AMT,1,512000000,8.246208,3.277887
decompression,LZ4,CMSprovider-AVERAGE_SUBMITTED_CHRG_AMT,1,512000000,7.83104,3.993187
decompression,zstd,CMSprovider-AVERAGE_SUBMITTED_CHRG_AMT,1,512000000,25.920321,5.641759
decompression,Deflate,CMSprovider-AVERAGE_SUBMITTED_CHRG_AMT,1,512000000,68.051552,3.381274
decompression,GDeflate,CMSprovider-AVERAGE_SUBMITTED_CHRG_AMT,1,512000000,17.493919,3.346424
decompression,Snappy,CMSprovider-AVERAGE_SUBMITTED_CHRG_AMT,1,512000000,12.231104,3.818417
decompression,ALP,Telco-TOTAL_OUTGOING_MIN_P4,0,512000000,1.3864,7.077202
decompression,GALP,Telco-TOTAL_OUTGOING_MIN_P4,0,512000000,1.09312,6.372521
decompression,Bitcomp,Telco-TOTAL_OUTGOING_MIN_P4,1,512000000,8.692128,5.468331
decompression,BitcompSparse,Telco-TOTAL_OUTGOING_MIN_P4,1,512000000,8.05744,5.385801
decompression,LZ4,Telco-TOTAL_OUTGOING_MIN_P4,1,512000000,6.389792,5.132059
decompression,zstd,Telco-TOTAL_OUTGOING_MIN_P4,1,512000000,21.115583,7.845531
decompression,Deflate,Telco-TOTAL_OUTGOING_MIN_P4,1,512000000,69.676445,4.012454
decompression,GDeflate,Telco-TOTAL_OUTGOING_MIN_P4,1,512000000,17.769217,3.963297
decompression,Snappy,Telco-TOTAL_OUTGOING_MIN_P4,1,512000000,7.678944,5.095625
decompression,ALP,Telco-ONNET_MINS_P4,0,512000000,1.343808,7.451567
decompression,GALP,Telco-ONNET_MINS_P4,0,512000000,1.084576,6.674456
decompression,Bitcomp,Telco-ONNET_MINS_P4,1,512000000,8.78176,5.631163
decompression,BitcompSparse,Telco-ONNET_MINS_P4,1,512000000,8.200416,5.616744
decompression,LZ4,Telco-ONNET_MINS_P4,1,512000000,7.58976,5.505106
decompression,zstd,Telco-ONNET_MINS_P4,1,512000000,22.460064,9.292556
decompression,Deflate,Telco-ONNET_MINS_P4,1,512000000,69.615074,4.260962
decompression,GDeflate,Telco-ONNET_MINS_P4,1,512000000,17.319584,4.205584
decompression,Snappy,Telco-ONNET_MINS_P4,1,512000000,9.23968,5.634276
decompression,ALP,Telco-RECHRG_INC_MIN_USED_P2,0,512000000,1.71712,3.580858
decompression,GALP,Telco-RECHRG_INC_MIN_USED_P2,0,512000000,1.477568,3.391122
decompression,Bitcomp,Telco-RECHRG_INC_MIN_USED_P2,1,512000000,8.687904,3.889396
decompression,BitcompSparse,Telco-RECHRG_INC_MIN_USED_P2,1,512000000,8.378272,3.971461
decompression,LZ4,Telco-RECHRG_INC_MIN_USED_P2,1,512000000,7.256192,4.161785
decompression,zstd,Telco-RECHRG_INC_MIN_USED_P2,1,512000000,23.626881,5.13154
decompression,Deflate,Telco-RECHRG_INC_MIN_USED_P2,1,512000000,69.160034,3.310293
decompression,GDeflate,Telco-RECHRG_INC_MIN_USED_P2,1,512000000,17.467808,3.276765
decompression,Snappy,Telco-RECHRG_INC_MIN_USED_P2,1,512000000,7.604,3.85034
decompression,ALP,Telco-OFFNET_REV_P1,0,512000000,1.263776,6.520688
decompression,GALP,Telco-OFFNET_REV_P1,0,512000000,1.0984,5.917754
decompression,Bitcomp,Telco-OFFNET_REV_P1,1,512000000,8.7992,4.334092
decompression,BitcompSparse,Telco-OFFNET_REV_P1,1,512000000,8.327648,4.336988
decompression,LZ4,Telco-OFFNET_REV_P1,1,512000000,8.246368,5.044469
decompression,zstd,Telco-OFFNET_REV_P1,1,512000000,24.18416,8.285007
decompression,Deflate,Telco-OFFNET_REV_P1,1,512000000,69.686623,4.19327
decompression,GDeflate,Telco-OFFNET_REV_P1,1,512000000,17.589792,4.139622
decompression,Snappy,Telco-OFFNET_REV_P1,1,512000000,12.61744,4.825701
decompression,ALP,CMSprovider-STDEV_MEDICARE_ALLOWED_AMT,0,512000000,1.877056,7.023864
decompression,GALP,CMSprovider-STDEV_MEDICARE_ALLOWED_AMT,0,512000000,1.51376,6.329243
decompression,Bitcomp,CMSprovider-STDEV_MEDICARE_ALLOWED_AMT,1,512000000,9.125088,5.30263
decompression,BitcompSparse,CMSprovider-STDEV_MEDICARE_ALLOWED_AMT,1,512000000,8.428256,6.341137
decompression,LZ4,CMSprovider-STDEV_MEDICARE_ALLOWED_AMT,1,512000000,7.174688,6.570672
decompression,zstd,CMSprovider-STDEV_MEDICARE_ALLOWED_AMT,1,512000000,21.315424,9.728319
decompression,Deflate,CMSprovider-STDEV_MEDICARE_ALLOWED_AMT,1,512000000,67.515999,4.714678
decompression,GDeflate,CMSprovider-STDEV_MEDICARE_ALLOWED_AMT,1,512000000,17.252417,4.647164
decompression,Snappy,CMSprovider-STDEV_MEDICARE_ALLOWED_AMT,1,512000000,7.862336,6.297016
decompression,ALP,Telco-TOTAL_MINS_P6,0,512000000,1.501056,4.951609
decompression,GALP,Telco-TOTAL_MINS_P6,0,512000000,1.142624,4.59602
decompression,Bitcomp,Telco-TOTAL_MINS_P6,1,512000000,8.862848,3.77633
decompression,BitcompSparse,Telco-TOTAL_MINS_P6,1,512000000,8.326336,3.88631
decompression,LZ4,Telco-TOTAL_MINS_P6,1,512000000,7.35712,4.333797
decompression,zstd,Telco-TOTAL_MINS_P6,1,512000000,23.320225,5.542916
decompression,Deflate,Telco-TOTAL_MINS_P6,1,512000000,69.399071,3.444947
decompression,GDeflate,Telco-TOTAL_MINS_P6,1,512000000,17.806881,3.408637
decompression,Snappy,Telco-TOTAL_MINS_P6,1,512000000,9.221536,3.846751
decompression,ALP,Telco-TOTAL_MINS_P2,0,512000000,1.414784,5.199825
decompression,GALP,Telco-TOTAL_MINS_P2,0,512000000,1.116864,4.809099
decompression,Bitcomp,Telco-TOTAL_MINS_P2,1,512000000,8.732224,3.775097
decompression,BitcompSparse,Telco-TOTAL_MINS_P2,1,512000000,8.331872,3.883027
decompression,LZ4,Telco-TOTAL_MINS_P2,1,512000000,7.423424,4.331311
decompression,zstd,Telco-TOTAL_MINS_P2,1,512000000,24.606432,5.544338
decompression,Deflate,Telco-TOTAL_MINS_P2,1,512000000,69.294014,3.442666
decompression,GDeflate,Telco-TOTAL_MINS_P2,1,512000000,17.603041,3.406423
decompression,Snappy,Telco-TOTAL_MINS_P2,1,512000000,9.068608,3.846423
decompression,ALP,Telco-FREE_MINS_P3,0,512000000,1.52352,8.164438
decompression,GALP,Telco-FREE_MINS_P3,0,512000000,1.138048,7.240741
decompression,Bitcomp,Telco-FREE_MINS_P3,1,512000000,9.033248,5.629008
decompression,BitcompSparse,Telco-FREE_MINS_P3,1,512000000,8.206272,6.894582
decompression,LZ4,Telco-FREE_MINS_P3,1,512000000,7.485152,7.364476
decompression,zstd,Telco-FREE_MINS_P3,1,512000000,22.946913,13.419736
decompression,Deflate,Telco-FREE_MINS_P3,1,512000000,68.741699,5.28046
decompression,GDeflate,Telco-FREE_MINS_P3,1,512000000,17.391392,5.195646
decompression,Snappy,Telco-FREE_MINS_P3,1,512000000,9.511776,7.283521
decompression,ALP,Telco-TOTAL_OUTGOING_MIN_P2,0,512000000,1.4272,5.307676
decompression,GALP,Telco-TOTAL_OUTGOING_MIN_P2,0,512000000,1.1344,4.901207
decompression,Bitcomp,Telco-TOTAL_OUTGOING_MIN_P2,1,512000000,8.739392,4.477543
decompression,BitcompSparse,Telco-TOTAL_OUTGOING_MIN_P2,1,512000000,8.196576,4.360974
decompression,LZ4,Telco-TOTAL_OUTGOING_MIN_P2,1,512000000,7.725056,4.321533
decompression,zstd,Telco-TOTAL_OUTGOING_MIN_P2,1,512000000,22.342752,5.863717
decompression,Deflate,Telco-TOTAL_OUTGOING_MIN_P2,1,512000000,69.295967,3.485548
decompression,GDeflate,Telco-TOTAL_OUTGOING_MIN_P2,1,512000000,17.788416,3.4484
decompression,Snappy,Telco-TOTAL_OUTGOING_MIN_P2,1,512000000,6.983296,4.133682
decompression,ALP,MedPayment1-line_srvc_cnt,0,512000000,1.280416,8.520626
decompression,GALP,MedPayment1-line_srvc_cnt,0,512000000,1.050944,7.519517
decompression,Bitcomp,MedPayment1-line_srvc_cnt,1,512000000,9.165248,3.302174
decompression,BitcompSparse,MedPayment1-line_srvc_cnt,1,512000000,8.370432,3.304191
decompression,LZ4,MedPayment1-line_srvc_cnt,1,512000000,9.89728,4.363006
decompression,zstd,MedPayment1-line_srvc_cnt,1,512000000,24.777184,7.867852
decompression,Deflate,MedPayment1-line_srvc_cnt,1,512000000,68.356514,4.322143
decompression,GDeflate,MedPayment1-line_srvc_cnt,1,512000000,17.338144,4.265453
decompression,Snappy,MedPayment1-line_srvc_cnt,1,512000000,12.962848,4.668074
decompression,ALP,CommonGovernment-baseandexercisedoptionsvalue,0,512000000,1.977792,2.851458
decompression,GALP,CommonGovernment-baseandexercisedoptionsvalue,0,512000000,1.680608,2.729833
decompression,Bitcomp,CommonGovernment-baseandexercisedoptionsvalue,1,512000000,8.9376,3.214931
decompression,BitcompSparse,CommonGovernment-baseandexercisedoptionsvalue,1,512000000,8.427264,3.21732
decompression,LZ4,CommonGovernment-baseandexercisedoptionsvalue,1,512000000,6.430016,3.566951
decompression,zstd,CommonGovernment-baseandexercisedoptionsvalue,1,512000000,24.092159,4.402252
decompression,Deflate,CommonGovernment-baseandexercisedoptionsvalue,1,512000000,67.67453,3.008961
decompression,GDeflate,CommonGovernment-baseandexercisedoptionsvalue,1,512000000,17.587681,2.981353
decompression,Snappy,CommonGovernment-baseandexercisedoptionsvalue,1,512000000,8.633248,3.31944
decompression_query,Thrust,Telco-TOTAL_OUTGOING_MIN_P6,0,512000000,6.939712,1.0
decompression_query,ALP,Telco-TOTAL_OUTGOING_MIN_P6,0,512000000,1.104192,4.246369
decompression_query,GALP,Telco-TOTAL_OUTGOING_MIN_P6,0,512000000,0.457248,3.982155
decompression_query,Bitcomp,Telco-TOTAL_OUTGOING_MIN_P6,0,512000000,9.640416,3.86282
decompression_query,BitcompSparse,Telco-TOTAL_OUTGOING_MIN_P6,0,512000000,9.868672,3.781389
decompression_query,LZ4,Telco-TOTAL_OUTGOING_MIN_P6,0,512000000,8.062624,3.892828
decompression_query,zstd,Telco-TOTAL_OUTGOING_MIN_P6,0,512000000,22.961952,4.77454
decompression_query,Deflate,Telco-TOTAL_OUTGOING_MIN_P6,0,512000000,69.851456,3.181438
decompression_query,GDeflate,Telco-TOTAL_OUTGOING_MIN_P6,0,512000000,19.921951,3.150473
decompression_query,Snappy,Telco-TOTAL_OUTGOING_MIN_P6,0,512000000,7.240384,3.536809
decompression_query,Thrust,Telco-FREE_MINS_P1,0,512000000,6.789856,1.0
decompression_query,ALP,Telco-FREE_MINS_P1,0,512000000,1.058976,5.79858
decompression_query,GALP,Telco-FREE_MINS_P1,0,512000000,0.445792,5.316858
decompression_query,Bitcomp,Telco-FREE_MINS_P1,0,512000000,9.55728,4.498914
decompression_query,BitcompSparse,Telco-FREE_MINS_P1,0,512000000,9.670784,4.896955
decompression_query,LZ4,Telco-FREE_MINS_P1,0,512000000,8.68752,5.519195
decompression_query,zstd,Telco-FREE_MINS_P1,0,512000000,25.696833,8.613397
decompression_query,Deflate,Telco-FREE_MINS_P1,0,512000000,70.599457,4.32312
decompression_query,GDeflate,Telco-FREE_MINS_P1,0,512000000,19.686785,4.266103
decompression_query,Snappy,Telco-FREE_MINS_P1,0,512000000,11.568992,5.390265
decompression_query,Thrust,Telco-RECHRG_TOTAL_LOAD_P6,0,512000000,7.270336,1.0
decompression_query,ALP,Telco-RECHRG_TOTAL_LOAD_P6,0,512000000,0.458496,8.353269
decompression_query,GALP,Telco-RECHRG_TOTAL_LOAD_P6,0,512000000,0.374784,7.388874
decompression_query,Bitcomp,Telco-RECHRG_TOTAL_LOAD_P6,0,512000000,9.761952,4.08833
decompression_query,BitcompSparse,Telco-RECHRG_TOTAL_LOAD_P6,0,512000000,9.832128,3.993329
decompression_query,LZ4,Telco-RECHRG_TOTAL_LOAD_P6,0,512000000,8.611456,5.102843
decompression_query,zstd,Telco-RECHRG_TOTAL_LOAD_P6,0,512000000,22.071775,7.903713
decompression_query,Deflate,Telco-RECHRG_TOTAL_LOAD_P6,0,512000000,69.822113,4.290808
decompression_query,GDeflate,Telco-RECHRG_TOTAL_LOAD_P6,0,512000000,19.622463,4.234711
decompression_query,Snappy,Telco-RECHRG_TOTAL_LOAD_P6,0,512000000,13.765728,4.500533
decompression_query,Thrust,Telco-RECHRG_TOTAL_LOAD_P2,0,512000000,6.849664,1.0
decompression_query,ALP,Telco-RECHRG_TOTAL_LOAD_P2,0,512000000,0.437568,9.693172
decompression_query,GALP,Telco-RECHRG_TOTAL_LOAD_P2,0,512000000,0.370208,8.418189
decompression_query,Bitcomp,Telco-RECHRG_TOTAL_LOAD_P2,0,512000000,9.753792,4.94111
decompression_query,BitcompSparse,Telco-RECHRG_TOTAL_LOAD_P2,0,512000000,9.57248,4.813243
decompression_query,LZ4,Telco-RECHRG_TOTAL_LOAD_P2,0,512000000,8.571264,6.200645
decompression_query,zstd,Telco-RECHRG_TOTAL_LOAD_P2,0,512000000,21.438175,10.360305
decompression_query,Deflate,Telco-RECHRG_TOTAL_LOAD_P2,0,512000000,68.09565,4.836367
decompression_query,GDeflate,Telco-RECHRG_TOTAL_LOAD_P2,0,512000000,19.806656,4.765295
decompression_query,Snappy,Telco-RECHRG_TOTAL_LOAD_P2,0,512000000,12.167872,5.612308
decompression_query,Thrust,CMSprovider-AVERAGE_MEDICARE_ALLOWED_AMT,0,512000000,6.822688,1.0
decompression_query,ALP,CMSprovider-AVERAGE_MEDICARE_ALLOWED_AMT,0,512000000,1.329984,3.593552
decompression_query,GALP,CMSprovider-AVERAGE_MEDICARE_ALLOWED_AMT,0,512000000,0.498784,3.402504
decompression_query,Bitcomp,CMSprovider-AVERAGE_MEDICARE_ALLOWED_AMT,0,512000000,9.876608,3.791556
decompression_query,BitcompSparse,CMSprovider-AVERAGE_MEDICARE_ALLOWED_AMT,0,512000000,9.786752,3.274642
decompression_query,LZ4,CMSprovider-AVERAGE_MEDICARE_ALLOWED_AMT,0,512000000,7.63648,4.976034
decompression_query,zstd,CMSprovider-AVERAGE_MEDICARE_ALLOWED_AMT,0,512000000,24.963104,7.192866
decompression_query,Deflate,CMSprovider-AVERAGE_MEDICARE_ALLOWED_AMT,0,512000000,69.504929,2.933231
decompression_query,GDeflate,CMSprovider-AVERAGE_MEDICARE_ALLOWED_AMT,0,512000000,19.544737,2.906965
decompression_query,Snappy,CMSprovider-AVERAGE_MEDICARE_ALLOWED_AMT,0,512000000,10.993344,4.817639
decompression_query,Thrust,Physicians-line_srvc_cnt,0,512000000,7.262624,1.0
decompression_query,ALP,Physicians-line_srvc_cnt,0,512000000,0.495168,8.532087
decompression_query,GALP,Physicians-line_srvc_cnt,0,512000000,0.378816,7.528441
decompression_query,Bitcomp,Physicians-line_srvc_cnt,0,512000000,9.9328,3.302165
decompression_query,BitcompSparse,Physicians-line_srvc_cnt,0,512000000,9.83392,3.304149
decompression_query,LZ4,Physicians-line_srvc_cnt,0,512000000,9.595872,4.36244
decompression_query,zstd,Physicians-line_srvc_cnt,0,512000000,25.201441,7.867104
decompression_query,Deflate,Physicians-line_srvc_cnt,0,512000000,69.032188,4.321928
decompression_query,GDeflate,Physicians-line_srvc_cnt,0,512000000,19.520609,4.265215
decompression_query,Snappy,Physicians-line_srvc_cnt,0,512000000,13.846496,4.667782
decompression_query,Thrust,Telco-ONNET_MINS_P1,0,512000000,6.935232,1.0
decompression_query,ALP,Telco-ONNET_MINS_P1,0,512000000,0.92864,5.401012
decompression_query,GALP,Telco-ONNET_MINS_P1,0,512000000,0.484448,4.980688
decompression_query,Bitcomp,Telco-ONNET_MINS_P1,0,512000000,9.656416,4.279212
decompression_query,BitcompSparse,Telco-ONNET_MINS_P1,0,512000000,9.592992,4.213522
decompression_query,LZ4,Telco-ONNET_MINS_P1,0,512000000,8.445632,4.471237
decompression_query,zstd,Telco-ONNET_MINS_P1,0,512000000,24.743393,6.250555
decompression_query,Deflate,Telco-ONNET_MINS_P1,0,512000000,70.199966,3.578456
decompression_query,GDeflate,Telco-ONNET_MINS_P1,0,512000000,17.82144,3.539312
decompression_query,Snappy,Telco-ONNET_MINS_P1,0,512000000,9.85424,4.236544
decompression_query,Thrust,Telco-TOTAL_MINS_P3,0,512000000,6.823456,1.0
decompression_query,ALP,Telco-TOTAL_MINS_P3,0,512000000,0.805344,6.391905
decompression_query,GALP,Telco-TOTAL_MINS_P3,0,512000000,0.420352,5.811491
decompression_query,Bitcomp,Telco-TOTAL_MINS_P3,0,512000000,9.859296,4.92684
decompression_query,BitcompSparse,Telco-TOTAL_MINS_P3,0,512000000,9.558944,4.914658
decompression_query,LZ4,Telco-TOTAL_MINS_P3,0,512000000,8.871744,4.960184
decompression_query,zstd,Telco-TOTAL_MINS_P3,0,512000000,23.874624,7.59336
decompression_query,Deflate,Telco-TOTAL_MINS_P3,0,512000000,70.551071,4.019897
decompression_query,GDeflate,Telco-TOTAL_MINS_P3,0,512000000,19.732737,3.970584
decompression_query,Snappy,Telco-TOTAL_MINS_P3,0,512000000,9.4488,4.896347
decompression_query,Thrust,Telco-TOTAL_OUTGOING_MIN_P1,0,512000000,7.15872,1.0
decompression_query,ALP,Telco-TOTAL_OUTGOING_MIN_P1,0,512000000,0.910656,4.840597
decompression_query,GALP,Telco-TOTAL_OUTGOING_MIN_P1,0,512000000,0.47312,4.500225
decompression_query,Bitcomp,Telco-TOTAL_OUTGOING_MIN_P1,0,512000000,9.524352,3.875781
decompression_query,BitcompSparse,Telco-TOTAL_OUTGOING_MIN_P1,0,512000000,9.779488,3.799601
decompression_query,LZ4,Telco-TOTAL_OUTGOING_MIN_P1,0,512000000,8.205536,4.025205
decompression_query,zstd,Telco-TOTAL_OUTGOING_MIN_P1,0,512000000,23.572992,5.086579
decompression_query,Deflate,Telco-TOTAL_OUTGOING_MIN_P1,0,512000000,69.841858,3.292802
decompression_query,GDeflate,Telco-TOTAL_OUTGOING_MIN_P1,0,512000000,19.928673,3.259628
decompression_query,Snappy,Telco-TOTAL_OUTGOING_MIN_P1,0,512000000,8.292352,3.669388
decompression_query,Thrust,Telco-TOTAL_OUTGOING_REV_P1,0,512000000,6.925088,1.0
decompression_query,ALP,Telco-TOTAL_OUTGOING_REV_P1,1,512000000,0.974848,4.196543
decompression_query,GALP,Telco-TOTAL_OUTGOING_REV_P1,1,512000000,0.45312,3.938304
decompression_query,Bitcomp,Telco-TOTAL_OUTGOING_REV_P1,0,512000000,9.950464,3.772757
decompression_query,BitcompSparse,Telco-TOTAL_OUTGOING_REV_P1,0,512000000,9.623264,3.723262
decompression_query,LZ4,Telco-TOTAL_OUTGOING_REV_P1,0,512000000,8.393568,3.856527
decompression_query,zstd,Telco-TOTAL_OUTGOING_REV_P1,0,512000000,24.29216,4.713712
decompression_query,Deflate,Telco-TOTAL_OUTGOING_REV_P1,0,512000000,69.971069,3.176819
decompression_query,GDeflate,Telco-TOTAL_OUTGOING_REV_P1,0,512000000,19.940031,3.145914
decompression_query,Snappy,Telco-TOTAL_OUTGOING_REV_P1,0,512000000,7.579776,3.496432
decompression_query,Thrust,CMSprovider-STDEV_SUBMITTED_CHRG_AMT,0,512000000,7.325952,1.0
decompression_query,ALP,CMSprovider-STDEV_SUBMITTED_CHRG_AMT,0,512000000,1.666048,6.067426
decompression_query,GALP,CMSprovider-STDEV_SUBMITTED_CHRG_AMT,0,512000000,0.762784,5.542022
decompression_query,Bitcomp,CMSprovider-STDEV_SUBMITTED_CHRG_AMT,0,512000000,9.96432,4.104114
decompression_query,BitcompSparse,CMSprovider-STDEV_SUBMITTED_CHRG_AMT,0,512000000,9.57536,5.161073
decompression_query,LZ4,CMSprovider-STDEV_SUBMITTED_CHRG_AMT,0,512000000,7.018944,5.768736
decompression_query,zstd,CMSprovider-STDEV_SUBMITTED_CHRG_AMT,0,512000000,24.174591,8.016844
decompression_query,Deflate,CMSprovider-STDEV_SUBMITTED_CHRG_AMT,0,512000000,68.301476,4.422294
decompression_query,GDeflate,CMSprovider-STDEV_SUBMITTED_CHRG_AMT,0,512000000,19.739807,4.362856
decompression_query,Snappy,CMSprovider-STDEV_SUBMITTED_CHRG_AMT,0,512000000,10.374144,5.365647
decompression_query,Thrust,Telco-TOTAL_INCOMING_MIN_P6,0,512000000,7.275904,1.0
decompression_query,ALP,Telco-TOTAL_INCOMING_MIN_P6,0,512000000,1.299296,3.264164
decompression_query,GALP,Telco-TOTAL_INCOMING_MIN_P6,0,512000000,0.506528,3.105763
decompression_query,Bitcomp,Telco-TOTAL_INCOMING_MIN_P6,0,512000000,9.818816,3.89606
decompression_query,BitcompSparse,Telco-TOTAL_INCOMING_MIN_P6,0,512000000,9.620928,3.829719
decompression_query,LZ4,Telco-TOTAL_INCOMING_MIN_P6,0,512000000,7.917216,3.926014
decompression_query,zstd,Telco-TOTAL_INCOMING_MIN_P6,0,512000000,23.059361,4.727299
decompression_query,Deflate,Telco-TOTAL_INCOMING_MIN_P6,0,512000000,69.893379,3.154675
decompression_query,GDeflate,Telco-TOTAL_INCOMING_MIN_P6,0,512000000,20.071968,3.1242
decompression_query,Snappy,Telco-TOTAL_INCOMING_MIN_P6,0,512000000,7.697344,3.627063
decompression_query,Thrust,Telco-RECHRG_TOTAL_LOAD_P1,0,512000000,6.892032,1.0
decompression_query,ALP,Telco-RECHRG_TOTAL_LOAD_P1,0,512000000,0.398496,8.818686
decompression_query,GALP,Telco-RECHRG_TOTAL_LOAD_P1,0,512000000,0.376544,7.750701
decompression_query,Bitcomp,Telco-RECHRG_TOTAL_LOAD_P1,0,512000000,9.570496,4.093601
decompression_query,BitcompSparse,Telco-RECHRG_TOTAL_LOAD_P1,0,512000000,9.574592,4.072447
decompression_query,LZ4,Telco-RECHRG_TOTAL_LOAD_P1,0,512000000,9.37904,5.005672
decompression_query,zstd,Telco-RECHRG_TOTAL_LOAD_P1,0,512000000,23.733025,8.829168
decompression_query,Deflate,Telco-RECHRG_TOTAL_LOAD_P1,0,512000000,69.596512,4.657409
decompression_query,GDeflate,Telco-RECHRG_TOTAL_LOAD_P1,0,512000000,19.80736,4.591445
decompression_query,Snappy,Telco-RECHRG_TOTAL_LOAD_P1,0,512000000,13.738944,5.004952
decompression_query,Thrust,Telco-TOTAL_INCOMING_MIN_P1,0,512000000,6.863712,1.0
decompression_query,ALP,Telco-TOTAL_INCOMING_MIN_P1,0,512000000,1.35488,3.485893
decompression_query,GALP,Telco-TOTAL_INCOMING_MIN_P1,0,512000000,0.506912,3.305834
decompression_query,Bitcomp,Telco-TOTAL_INCOMING_MIN_P1,0,512000000,9.724224,3.907787
decompression_query,BitcompSparse,Telco-TOTAL_INCOMING_MIN_P1,0,512000000,9.468352,3.860427
decompression_query,LZ4,Telco-TOTAL_INCOMING_MIN_P1,0,512000000,8.3912,4.12987
decompression_query,zstd,Telco-TOTAL_INCOMING_MIN_P1,0,512000000,23.947584,5.095295
decompression_query,Deflate,Telco-TOTAL_INCOMING_MIN_P1,0,512000000,69.68541,3.305625
decompression_query,GDeflate,Telco-TOTAL_INCOMING_MIN_P1,0,512000000,19.659424,3.272187
decompression_query,Snappy,Telco-TOTAL_INCOMING_MIN_P1,0,512000000,8.7096,3.795222
decompression_query,Thrust,Telco-RECHRG_TOTAL_LOAD_P3,0,512000000,6.815136,1.0
decompression_query,ALP,Telco-RECHRG_TOTAL_LOAD_P3,0,512000000,0.447712,11.705536
decompression_query,GALP,Telco-RECHRG_TOTAL_LOAD_P3,0,512000000,0.368768,9.895634
decompression_query,Bitcomp,Telco-RECHRG_TOTAL_LOAD_P3,0,512000000,9.794976,5.58702
decompression_query,BitcompSparse,Telco-RECHRG_TOTAL_LOAD_P3,0,512000000,9.90912,5.887574
decompression_query,LZ4,Telco-RECHRG_TOTAL_LOAD_P3,0,512000000,10.133568,5.523887
decompression_query,zstd,Telco-RECHRG_TOTAL_LOAD_P3,0,512000000,21.508097,14.131587
decompression_query,Deflate,Telco-RECHRG_TOTAL_LOAD_P3,0,512000000,68.923645,5.63901
decompression_query,GDeflate,Telco-RECHRG_TOTAL_LOAD_P3,0,512000000,19.785601,5.542743
decompression_query,Snappy,Telco-RECHRG_TOTAL_LOAD_P3,0,512000000,10.799264,7.080039
decompression_query,Thrust,CommonGovernment-nongsadollar,0,512000000,7.340608,1.0
decompression_query,ALP,CommonGovernment-nongsadollar,0,512000000,1.528768,3.404106
decompression_query,GALP,CommonGovernment-nongsadollar,0,512000000,0.58784,3.232189
decompression_query,Bitcomp,CommonGovernment-nongsadollar,0,512000000,9.640992,3.843817
decompression_query,BitcompSparse,CommonGovernment-nongsadollar,0,512000000,9.6944,3.832361
decompression_query,LZ4,CommonGovernment-nongsadollar,0,512000000,7.826784,3.993178
decompression_query,zstd,CommonGovernment-nongsadollar,0,512000000,23.534817,5.251739
decompression_query,Deflate,CommonGovernment-nongsadollar,0,512000000,67.968094,3.362527
decompression_query,GDeflate,CommonGovernment-nongsadollar,0,512000000,20.086432,3.32809
decompression_query,Snappy,CommonGovernment-nongsadollar,0,512000000,8.733088,3.851975
decompression_query,Thrust,CommonGovernment-baseandalloptionsvalue,0,512000000,6.829216,1.0
decompression_query,ALP,CommonGovernment-baseandalloptionsvalue,0,512000000,1.59152,2.878314
decompression_query,GALP,CommonGovernment-baseandalloptionsvalue,0,512000000,0.660096,2.754437
decompression_query,Bitcomp,CommonGovernment-baseandalloptionsvalue,0,512000000,9.75792,3.230572
decompression_query,BitcompSparse,CommonGovernment-baseandalloptionsvalue,0,512000000,9.7032,3.241279
decompression_query,LZ4,CommonGovernment-baseandalloptionsvalue,0,512000000,6.938592,3.595583
decompression_query,zstd,CommonGovernment-baseandalloptionsvalue,0,512000000,24.928543,4.456701
decompression_query,Deflate,CommonGovernment-baseandalloptionsvalue,0,512000000,69.777565,3.031061
decompression_query,GDeflate,CommonGovernment-baseandalloptionsvalue,0,512000000,19.940607,3.003049
decompression_query,Snappy,CommonGovernment-baseandalloptionsvalue,0,512000000,9.575424,3.353108
decompression_query,Thrust,CityMaxCapita-LPF,0,512000000,7.251712,1.0
decompression_query,ALP,CityMaxCapita-LPF,0,512000000,0.571168,7.326129
decompression_query,GALP,CityMaxCapita-LPF,0,512000000,0.400064,6.573639
decompression_query,Bitcomp,CityMaxCapita-LPF,0,512000000,9.647584,4.827895
decompression_query,BitcompSparse,CityMaxCapita-LPF,0,512000000,9.832512,4.592646
decompression_query,LZ4,CityMaxCapita-LPF,0,512000000,9.067424,5.692065
decompression_query,zstd,CityMaxCapita-LPF,0,512000000,22.441631,8.784645
decompression_query,Deflate,CityMaxCapita-LPF,0,512000000,70.792732,3.778696
decompression_query,GDeflate,CityMaxCapita-LPF,0,512000000,19.868544,3.735058
decompression_query,Snappy,CityMaxCapita-LPF,0,512000000,11.448256,5.064226
decompression_query,Thrust,Telco-RECHRG_TOTAL_LOAD_P4,0,512000000,7.207232,1.0
decompression_query,ALP,Telco-RECHRG_TOTAL_LOAD_P4,0,512000000,0.456992,13.258706
decompression_query,GALP,Telco-RECHRG_TOTAL_LOAD_P4,0,512000000,0.369376,10.983321
decompression_query,Bitcomp,Telco-RECHRG_TOTAL_LOAD_P4,0,512000000,9.55328,6.788469
decompression_query,BitcompSparse,Telco-RECHRG_TOTAL_LOAD_P4,0,512000000,9.76496,6.615473
decompression_query,LZ4,Telco-RECHRG_TOTAL_LOAD_P4,0,512000000,8.249216,8.522972
decompression_query,zstd,Telco-RECHRG_TOTAL_LOAD_P4,0,512000000,20.617599,16.543314
decompression_query,Deflate,Telco-RECHRG_TOTAL_LOAD_P4,0,512000000,68.936958,5.663578
decompression_query,GDeflate,Telco-RECHRG_TOTAL_LOAD_P4,0,512000000,19.747393,5.566505
decompression_query,Snappy,Telco-RECHRG_TOTAL_LOAD_P4,0,512000000,9.754304,7.821031
decompression_query,Thrust,Telco-TOTAL_MINS_P1,0,512000000,6.924224,1.0
decompression_query,ALP,Telco-TOTAL_MINS_P1,0,512000000,0.97664,5.154642
decompression_query,GALP,Telco-TOTAL_MINS_P1,0,512000000,0.457824,4.770426
decompression_query,Bitcomp,Telco-TOTAL_MINS_P1,0,512000000,9.716928,4.224782
decompression_query,BitcompSparse,Telco-TOTAL_MINS_P1,0,512000000,9.776192,4.141121
decompression_query,LZ4,Telco-TOTAL_MINS_P1,0,512000000,8.585728,4.22442
decompression_query,zstd,Telco-TOTAL_MINS_P1,0,512000000,23.652992,5.663174
decompression_query,Deflate,Telco-TOTAL_MINS_P1,0,512000000,69.78138,3.462033
decompression_query,GDeflate,Telco-TOTAL_MINS_P1,0,512000000,19.733696,3.42538
decompression_query,Snappy,Telco-TOTAL_MINS_P1,0,512000000,8.32528,4.003698
decompression_query,Thrust,Telco-TOTAL_OUTGOING_MIN_P3,0,512000000,6.86448,1.0
decompression_query,ALP,Telco-TOTAL_OUTGOING_MIN_P3,0,512000000,0.805472,6.352404
decompression_query,GALP,Telco-TOTAL_OUTGOING_MIN_P3,0,512000000,0.426112,5.77882
decompression_query,Bitcomp,Telco-TOTAL_OUTGOING_MIN_P3,0,512000000,9.38688,4.925203
decompression_query,BitcompSparse,Telco-TOTAL_OUTGOING_MIN_P3,0,512000000,9.3448,4.903872
decompression_query,LZ4,Telco-TOTAL_OUTGOING_MIN_P3,0,512000000,8.3096,4.900857
decompression_query,zstd,Telco-TOTAL_OUTGOING_MIN_P3,0,512000000,23.896959,7.385605
decompression_query,Deflate,Telco-TOTAL_OUTGOING_MIN_P3,0,512000000,70.461662,3.99303
decompression_query,GDeflate,Telco-TOTAL_OUTGOING_MIN_P3,0,512000000,19.728384,3.944349
decompression_query,Snappy,Telco-TOTAL_OUTGOING_MIN_P3,0,512000000,9.311424,4.855219
decompression_query,Thrust,PanCreactomy1-LINE_SRVC_CNT,0,512000000,6.843232,1.0
decompression_query,ALP,PanCreactomy1-LINE_SRVC_CNT,0,512000000,0.46336,8.944044
decompression_query,GALP,PanCreactomy1-LINE_SRVC_CNT,0,512000000,0.38032,7.847369
decompression_query,Bitcomp,PanCreactomy1-LINE_SRVC_CNT,0,512000000,9.844576,3.304709
decompression_query,BitcompSparse,PanCreactomy1-LINE_SRVC_CNT,0,512000000,9.595744,3.308969
decompression_query,LZ4,PanCreactomy1-LINE_SRVC_CNT,0,512000000,10.253664,4.383613
decompression_query,zstd,PanCreactomy1-LINE_SRVC_CNT,0,512000000,26.278816,8.03636
decompression_query,Deflate,PanCreactomy1-LINE_SRVC_CNT,0,512000000,68.864128,4.365154
decompression_query,GDeflate,PanCreactomy1-LINE_SRVC_CNT,0,512000000,19.421152,4.307424
decompression_query,Snappy,PanCreactomy1-LINE_SRVC_CNT,0,512000000,13.2168,4.739031
decompression_query,Thrust,CMSprovider-LINE_SRVC_CNT,0,512000000,6.908576,1.0
decompression_query,ALP,CMSprovider-LINE_SRVC_CNT,0,512000000,0.456064,9.197452
decompression_query,GALP,CMSprovider-LINE_SRVC_CNT,0,512000000,0.399552,8.041768
decompression_query,Bitcomp,CMSprovider-LINE_SRVC_CNT,0,512000000,9.826336,3.307114
decompression_query,BitcompSparse,CMSprovider-LINE_SRVC_CNT,0,512000000,9.702944,3.317426
decompression_query,LZ4,CMSprovider-LINE_SRVC_CNT,0,512000000,10.746304,4.373352
decompression_query,zstd,CMSprovider-LINE_SRVC_CNT,0,512000000,25.757153,8.144393
decompression_query,Deflate,CMSprovider-LINE_SRVC_CNT,0,512000000,69.007744,4.369495
decompression_query,GDeflate,CMSprovider-LINE_SRVC_CNT,0,512000000,19.842625,4.311616
decompression_query,Snappy,CMSprovider-LINE_SRVC_CNT,0,512000000,13.059936,4.766189
decompression_query,Thrust,Telco-CHRGD_REV_P1,0,512000000,7.257696,1.0
decompression_query,ALP,Telco-CHRGD_REV_P1,0,512000000,0.748896,5.908584
decompression_query,GALP,Telco-CHRGD_REV_P1,0,512000000,0.428384,5.409198
decompression_query,Bitcomp,Telco-CHRGD_REV_P1,0,512000000,9.74736,4.270726
decompression_query,BitcompSparse,Telco-CHRGD_REV_P1,0,512000000,9.667136,4.201351
decompression_query,LZ4,Telco-CHRGD_REV_P1,0,512000000,8.331872,4.440453
decompression_query,zstd,Telco-CHRGD_REV_P1,0,512000000,22.920799,6.229939
decompression_query,Deflate,Telco-CHRGD_REV_P1,0,512000000,69.925026,3.653943
decompression_query,GDeflate,Telco-CHRGD_REV_P1,0,512000000,19.97888,3.613134
decompression_query,Snappy,Telco-CHRGD_REV_P1,0,512000000,9.775424,4.173035
decompression_query,Thrust,Telco-ONNET_MINS_P3,0,512000000,7.193408,1.0
decompression_query,ALP,Telco-ONNET_MINS_P3,0,512000000,0.794624,6.514666
decompression_query,GALP,Telco-ONNET_MINS_P3,0,512000000,0.42032,5.912793
decompression_query,Bitcomp,Telco-ONNET_MINS_P3,0,512000000,9.81392,5.017866
decompression_query,BitcompSparse,Telco-ONNET_MINS_P3,0,512000000,9.605504,5.107304
decompression_query,LZ4,Telco-ONNET_MINS_P3,0,512000000,8.522752,5.312834
decompression_query,zstd,Telco-ONNET_MINS_P3,0,512000000,23.507681,8.709523
decompression_query,Deflate,Telco-ONNET_MINS_P3,0,512000000,70.387871,4.235935
decompression_query,GDeflate,Telco-ONNET_MINS_P3,0,512000000,19.760096,4.181199
decompression_query,Snappy,Telco-ONNET_MINS_P3,0,512000000,10.81216,5.347264
decompression_query,Thrust,CMSprovider-AVERAGE_SUBMITTED_CHRG_AMT,0,512000000,7.263776,1.0
decompression_query,ALP,CMSprovider-AVERAGE_SUBMITTED_CHRG_AMT,0,512000000,1.51104,3.584565
decompression_query,GALP,CMSprovider-AVERAGE_SUBMITTED_CHRG_AMT,0,512000000,0.621792,3.394446
decompression_query,Bitcomp,CMSprovider-AVERAGE_SUBMITTED_CHRG_AMT,0,512000000,9.684832,3.355484
decompression_query,BitcompSparse,CMSprovider-AVERAGE_SUBMITTED_CHRG_AMT,0,512000000,9.772608,3.277887
decompression_query,LZ4,CMSprovider-AVERAGE_SUBMITTED_CHRG_AMT,0,512000000,8.29312,3.993187
decompression_query,zstd,CMSprovider-AVERAGE_SUBMITTED_CHRG_AMT,0,512000000,26.458431,5.641759
decompression_query,Deflate,CMSprovider-AVERAGE_SUBMITTED_CHRG_AMT,0,512000000,68.800865,3.381274
decompression_query,GDeflate,CMSprovider-AVERAGE_SUBMITTED_CHRG_AMT,0,512000000,19.739136,3.346424
decompression_query,Snappy,CMSprovider-AVERAGE_SUBMITTED_CHRG_AMT,0,512000000,12.780544,3.818417
decompression_query,Thrust,Telco-TOTAL_OUTGOING_MIN_P4,0,512000000,6.911904,1.0
decompression_query,ALP,Telco-TOTAL_OUTGOING_MIN_P4,0,512000000,0.84992,7.077202
decompression_query,GALP,Telco-TOTAL_OUTGOING_MIN_P4,0,512000000,0.425536,6.372521
decompression_query,Bitcomp,Telco-TOTAL_OUTGOING_MIN_P4,0,512000000,9.822528,5.468331
decompression_query,BitcompSparse,Telco-TOTAL_OUTGOING_MIN_P4,0,512000000,9.741792,5.385801
decompression_query,LZ4,Telco-TOTAL_OUTGOING_MIN_P4,0,512000000,7.270528,5.132059
decompression_query,zstd,Telco-TOTAL_OUTGOING_MIN_P4,0,512000000,22.648319,7.845531
decompression_query,Deflate,Telco-TOTAL_OUTGOING_MIN_P4,0,512000000,69.085152,4.012454
decompression_query,GDeflate,Telco-TOTAL_OUTGOING_MIN_P4,0,512000000,19.777664,3.963297
decompression_query,Snappy,Telco-TOTAL_OUTGOING_MIN_P4,0,512000000,8.439904,5.095625
decompression_query,Thrust,Telco-ONNET_MINS_P4,0,512000000,6.814432,1.0
decompression_query,ALP,Telco-ONNET_MINS_P4,0,512000000,0.816,7.451567
decompression_query,GALP,Telco-ONNET_MINS_P4,0,512000000,0.417984,6.674456
decompression_query,Bitcomp,Telco-ONNET_MINS_P4,0,512000000,9.625344,5.631163
decompression_query,BitcompSparse,Telco-ONNET_MINS_P4,0,512000000,9.689312,5.616744
decompression_query,LZ4,Telco-ONNET_MINS_P4,0,512000000,8.409536,5.505106
decompression_query,zstd,Telco-ONNET_MINS_P4,0,512000000,23.312256,9.292556
decompression_query,Deflate,Telco-ONNET_MINS_P4,0,512000000,70.308319,4.260962
decompression_query,GDeflate,Telco-ONNET_MINS_P4,0,512000000,19.734655,4.205584
decompression_query,Snappy,Telco-ONNET_MINS_P4,0,512000000,10.059168,5.634276
decompression_query,Thrust,Telco-RECHRG_INC_MIN_USED_P2,0,512000000,6.986272,1.0
decompression_query,ALP,Telco-RECHRG_INC_MIN_USED_P2,1,512000000,1.29472,3.580858
decompression_query,GALP,Telco-RECHRG_INC_MIN_USED_P2,1,512000000,0.496736,3.391122
decompression_query,Bitcomp,Telco-RECHRG_INC_MIN_USED_P2,0,512000000,9.679584,3.889396
decompression_query,BitcompSparse,Telco-RECHRG_INC_MIN_USED_P2,0,512000000,9.771712,3.971461
decompression_query,LZ4,Telco-RECHRG_INC_MIN_USED_P2,0,512000000,7.877184,4.161785
decompression_query,zstd,Telco-RECHRG_INC_MIN_USED_P2,0,512000000,24.282272,5.13154
decompression_query,Deflate,Telco-RECHRG_INC_MIN_USED_P2,0,512000000,69.755074,3.310293
decompression_query,GDeflate,Telco-RECHRG_INC_MIN_USED_P2,0,512000000,19.966784,3.276765
decompression_query,Snappy,Telco-RECHRG_INC_MIN_USED_P2,0,512000000,8.246592,3.85034
decompression_query,Thrust,Telco-OFFNET_REV_P1,0,512000000,6.983008,1.0
decompression_query,ALP,Telco-OFFNET_REV_P1,0,512000000,0.65664,6.520688
decompression_query,GALP,Telco-OFFNET_REV_P1,0,512000000,0.4072,5.917754
decompression_query,Bitcomp,Telco-OFFNET_REV_P1,0,512000000,9.633536,4.334092
decompression_query,BitcompSparse,Telco-OFFNET_REV_P1,0,512000000,9.78784,4.336988
decompression_query,LZ4,Telco-OFFNET_REV_P1,0,512000000,9.166656,5.044469
decompression_query,zstd,Telco-OFFNET_REV_P1,0,512000000,23.753696,8.285007
decompression_query,Deflate,Telco-OFFNET_REV_P1,0,512000000,69.103966,4.19327
decompression_query,GDeflate,Telco-OFFNET_REV_P1,0,512000000,19.668192,4.139622
decompression_query,Snappy,Telco-OFFNET_REV_P1,0,512000000,13.295936,4.825701
decompression_query,Thrust,CMSprovider-STDEV_MEDICARE_ALLOWED_AMT,1,512000000,2.17168,1.0
decompression_query,ALP,CMSprovider-STDEV_MEDICARE_ALLOWED_AMT,1,512000000,1.50992,7.023864
decompression_query,GALP,CMSprovider-STDEV_MEDICARE_ALLOWED_AMT,1,512000000,0.580768,6.329243
decompression_query,Bitcomp,CMSprovider-STDEV_MEDICARE_ALLOWED_AMT,1,512000000,9.796384,5.30263
decompression_query,BitcompSparse,CMSprovider-STDEV_MEDICARE_ALLOWED_AMT,1,512000000,9.71232,6.341137
decompression_query,LZ4,CMSprovider-STDEV_MEDICARE_ALLOWED_AMT,1,512000000,7.845984,6.570672
decompression_query,zstd,CMSprovider-STDEV_MEDICARE_ALLOWED_AMT,1,512000000,23.818272,9.728319
decompression_query,Deflate,CMSprovider-STDEV_MEDICARE_ALLOWED_AMT,1,512000000,68.206467,4.714678
decompression_query,GDeflate,CMSprovider-STDEV_MEDICARE_ALLOWED_AMT,1,512000000,19.379007,4.647164
decompression_query,Snappy,CMSprovider-STDEV_MEDICARE_ALLOWED_AMT,1,512000000,8.6776,6.297016
decompression_query,Thrust,Telco-TOTAL_MINS_P6,0,512000000,7.256704,1.0
decompression_query,ALP,Telco-TOTAL_MINS_P6,0,512000000,1.017344,4.951609
decompression_query,GALP,Telco-TOTAL_MINS_P6,0,512000000,0.439104,4.59602
decompression_query,Bitcomp,Telco-TOTAL_MINS_P6,0,512000000,9.612992,3.77633
decompression_query,BitcompSparse,Telco-TOTAL_MINS_P6,0,512000000,9.698624,3.88631
decompression_query,LZ4,Telco-TOTAL_MINS_P6,0,512000000,8.235264,4.333797
decompression_query,zstd,Telco-TOTAL_MINS_P6,0,512000000,25.192032,5.542916
decompression_query,Deflate,Telco-TOTAL_MINS_P6,0,512000000,70.084351,3.444947
decompression_query,GDeflate,Telco-TOTAL_MINS_P6,0,512000000,19.783552,3.408637
decompression_query,Snappy,Telco-TOTAL_MINS_P6,0,512000000,9.657792,3.846751
decompression_query,Thrust,Telco-TOTAL_MINS_P2,0,512000000,7.227936,1.0
decompression_query,ALP,Telco-TOTAL_MINS_P2,0,512000000,0.890752,5.199825
decompression_query,GALP,Telco-TOTAL_MINS_P2,0,512000000,0.433472,4.809099
decompression_query,Bitcomp,Telco-TOTAL_MINS_P2,0,512000000,9.859488,3.775097
decompression_query,BitcompSparse,Telco-TOTAL_MINS_P2,0,512000000,10.069536,3.883027
decompression_query,LZ4,Telco-TOTAL_MINS_P2,0,512000000,8.268256,4.331311
decompression_query,zstd,Telco-TOTAL_MINS_P2,0,512000000,25.091167,5.544338
decompression_query,Deflate,Telco-TOTAL_MINS_P2,0,512000000,70.050941,3.442666
decompression_query,GDeflate,Telco-TOTAL_MINS_P2,0,512000000,17.839487,3.406423
decompression_query,Snappy,Telco-TOTAL_MINS_P2,0,512000000,9.87024,3.846423
decompression_query,Thrust,Telco-FREE_MINS_P3,0,512000000,7.382304,1.0
decompression_query,ALP,Telco-FREE_MINS_P3,0,512000000,1.11344,8.164438
decompression_query,GALP,Telco-FREE_MINS_P3,0,512000000,0.427712,7.240741
decompression_query,Bitcomp,Telco-FREE_MINS_P3,0,512000000,9.689824,5.629008
decompression_query,BitcompSparse,Telco-FREE_MINS_P3,0,512000000,9.564864,6.894582
decompression_query,LZ4,Telco-FREE_MINS_P3,0,512000000,8.411616,7.364476
decompression_query,zstd,Telco-FREE_MINS_P3,0,512000000,22.367905,13.419736
decompression_query,Deflate,Telco-FREE_MINS_P3,0,512000000,69.493698,5.28046
decompression_query,GDeflate,Telco-FREE_MINS_P3,0,512000000,19.772736,5.195646
decompression_query,Snappy,Telco-FREE_MINS_P3,0,512000000,10.47728,7.283521
decompression_query,Thrust,Telco-TOTAL_OUTGOING_MIN_P2,0,512000000,6.852448,1.0
decompression_query,ALP,Telco-TOTAL_OUTGOING_MIN_P2,0,512000000,0.972768,5.307676
decompression_query,GALP,Telco-TOTAL_OUTGOING_MIN_P2,0,512000000,0.45376,4.901207
decompression_query,Bitcomp,Telco-TOTAL_OUTGOING_MIN_P2,0,512000000,9.519584,4.477543
decompression_query,BitcompSparse,Telco-TOTAL_OUTGOING_MIN_P2,0,512000000,9.791936,4.360974
decompression_query,LZ4,Telco-TOTAL_OUTGOING_MIN_P2,0,512000000,8.354176,4.321533
decompression_query,zstd,Telco-TOTAL_OUTGOING_MIN_P2,0,512000000,23.016001,5.863717
decompression_query,Deflate,Telco-TOTAL_OUTGOING_MIN_P2,0,512000000,69.99987,3.485548
decompression_query,GDeflate,Telco-TOTAL_OUTGOING_MIN_P2,0,512000000,19.78352,3.4484
decompression_query,Snappy,Telco-TOTAL_OUTGOING_MIN_P2,0,512000000,7.924352,4.133682
decompression_query,Thrust,MedPayment1-line_srvc_cnt,0,512000000,7.38192,1.0
decompression_query,ALP,MedPayment1-line_srvc_cnt,0,512000000,0.568576,8.520626
decompression_query,GALP,MedPayment1-line_srvc_cnt,0,512000000,0.3872,7.519517
decompression_query,Bitcomp,MedPayment1-line_srvc_cnt,0,512000000,9.807968,3.302174
decompression_query,BitcompSparse,MedPayment1-line_srvc_cnt,0,512000000,9.758944,3.304191
decompression_query,LZ4,MedPayment1-line_srvc_cnt,0,512000000,10.57264,4.363006
decompression_query,zstd,MedPayment1-line_srvc_cnt,0,512000000,25.336737,7.867852
decompression_query,Deflate,MedPayment1-line_srvc_cnt,0,512000000,68.945023,4.322143
decompression_query,GDeflate,MedPayment1-line_srvc_cnt,0,512000000,19.535007,4.265453
decompression_query,Snappy,MedPayment1-line_srvc_cnt,0,512000000,13.896608,4.668074
decompression_query,Thrust,CommonGovernment-baseandexercisedoptionsvalue,0,512000000,7.391392,1.0
decompression_query,ALP,CommonGovernment-baseandexercisedoptionsvalue,0,512000000,1.589024,2.851458
decompression_query,GALP,CommonGovernment-baseandexercisedoptionsvalue,0,512000000,0.650336,2.729833
decompression_query,Bitcomp,CommonGovernment-baseandexercisedoptionsvalue,0,512000000,9.701952,3.214931
decompression_query,BitcompSparse,CommonGovernment-baseandexercisedoptionsvalue,0,512000000,9.901152,3.21732
decompression_query,LZ4,CommonGovernment-baseandexercisedoptionsvalue,0,512000000,7.348832,3.566951
decompression_query,zstd,CommonGovernment-baseandexercisedoptionsvalue,0,512000000,25.982368,4.402252
decompression_query,Deflate,CommonGovernment-baseandexercisedoptionsvalue,0,512000000,69.893852,3.008961
decompression_query,GDeflate,CommonGovernment-baseandexercisedoptionsvalue,0,512000000,20.143936,2.981353
decompression_query,Snappy,CommonGovernment-baseandexercisedoptionsvalue,0,512000000,9.53168,3.31944
